CREATE TABLE GAMES(
   -- 경기ID
   GAME_ID number(10) primary key,
   -- 경기종류
   GAME_TYPE varchar2(15) NOT NULL,
   --경기하는 시간
   GAME_TIME number NOT NULL,
   PLAYER1 varchar2(100 char) NOT NULL,
   P1_LATITUDE varchar2(20 char),
   P1_LONGITUDE varchar2(20 char),--경도
   PLAYER2 varchar2(100 char) NOT NULL,
   P2_LATITUDE varchar2(20 char),--위도
   P2_LONGITUDE varchar2(20 char),--경도
   -- 승자ID
   WINNER_ID varchar2(20 char),
   -- 경기_무승부
   GAME_DRAW number(1),
   -- 경기_무효
   GAME_INVALIDITY number(1),
   -- 경기장ID
   GROUND_ID number(10),
   -- 결과입력 인증키(유저1)
   PLAYER1_KEY varchar2(6 char),
   -- 결과입력 인증키(유저2)
   PLAYER2_KEY varchar2(6 char)
);

/*drop seq*/

DROP SEQUENCE SEQ_GROUND;
DROP SEQUENCE SEQ_MATCHING;
DROP SEQUENCE SEQ_RECORD;
DROP SEQUENCE SEQ_BOARD;
DROP SEQUENCE SEQ_REPLY;
DROP SEQUENCE SEQ_GROUND_REVIEW;
DROP SEQUENCE SEQ_MESSAGE;
DROP SEQUENCE SEQ_TEAM;
DROP SEQUENCE SEQ_GAMES;
DROP SEQUENCE SEQ_NOTICE;

CREATE SEQUENCE SEQ_GROUND INCREMENT BY 1 START WITH 1;
CREATE SEQUENCE SEQ_MATCHING INCREMENT BY 1 START WITH 1;
CREATE SEQUENCE SEQ_RECORD INCREMENT BY 1 START WITH 1;
CREATE SEQUENCE SEQ_BOARD INCREMENT BY 1 START WITH 1;
CREATE SEQUENCE SEQ_REPLY INCREMENT BY 1 START WITH 1;
CREATE SEQUENCE SEQ_GROUND_REVIEW INCREMENT BY 1 START WITH 1;
CREATE SEQUENCE SEQ_MESSAGE INCREMENT BY 1 START WITH 1;
CREATE SEQUENCE SEQ_TEAM INCREMENT BY 1 START WITH 1;
CREATE SEQUENCE SEQ_GAMES INCREMENT BY 1 START WITH 1;
CREATE SEQUENCE SEQ_NOTICE INCREMENT BY 1 START WITH 1;

--//---------- 기록 ----------//--
INSERT INTO RECORD VALUES(SEQ_RECORD.NEXTVAL, 10, 3, 1, 10, 3, 1, 10, 3, 1, 10, 3, 1);  --1
INSERT INTO RECORD VALUES(SEQ_RECORD.NEXTVAL, 100, 50, 10, 100, 50, 10, 100, 50, 10, 100, 50, 10); 
INSERT INTO RECORD VALUES(SEQ_RECORD.NEXTVAL, 90, 4, 1, 90, 3, 4, 90, 4, 1, 90, 4, 1);
INSERT INTO RECORD VALUES(SEQ_RECORD.NEXTVAL, 40, 10, 4, 40, 10, 4, 40, 10, 4, 40, 10, 4); 
INSERT INTO RECORD VALUES(SEQ_RECORD.NEXTVAL, 90, 70, 3, 90, 70, 3, 90, 70, 3, 90, 70, 3);  --5
INSERT INTO RECORD VALUES(SEQ_RECORD.NEXTVAL, 30, 20, 1, 30, 20, 1, 30, 20, 1, 30, 20, 1); 
INSERT INTO RECORD VALUES(SEQ_RECORD.NEXTVAL, 5, 1, 0, 5, 1, 0, 5, 1, 0, 5, 1, 0);
INSERT INTO RECORD VALUES(SEQ_RECORD.NEXTVAL, 10, 4, 0, 10, 4, 0, 10, 4, 0, 10, 4, 0);
INSERT INTO RECORD VALUES(SEQ_RECORD.NEXTVAL, 100, 90, 4, 100, 90, 4, 100, 90, 4, 100, 90, 4);
INSERT INTO RECORD VALUES(SEQ_RECORD.NEXTVAL, 50, 5, 2, 50, 5, 2, 50, 5, 2, 50, 5, 2);  --10
INSERT INTO RECORD VALUES(SEQ_RECORD.NEXTVAL, 10, 1, 0, 10, 1, 0, 10, 1, 0, 10, 1, 0);
INSERT INTO RECORD VALUES(SEQ_RECORD.NEXTVAL, 100, 60, 10, 100, 60, 10, 100, 60, 10, 100, 60, 10);
INSERT INTO RECORD VALUES(SEQ_RECORD.NEXTVAL, 20, 5, 0, 20, 5, 0, 20, 5, 0, 20, 5, 0);
INSERT INTO RECORD VALUES(SEQ_RECORD.NEXTVAL, 5, 0, 0, 5, 0, 0, 5, 0, 0, 5, 0, 0);
INSERT INTO RECORD VALUES(SEQ_RECORD.NEXTVAL, 90, 70, 5, 90, 70, 5, 90, 70, 5, 90, 70, 5); --15
INSERT INTO RECORD VALUES(SEQ_RECORD.NEXTVAL, 10, 7, 0, 10, 7, 0, 10, 7, 0, 10, 7, 0);
INSERT INTO RECORD VALUES(SEQ_RECORD.NEXTVAL, 60, 50, 0, 60, 50, 0, 60, 50, 0, 60, 50, 0);
INSERT INTO RECORD VALUES(SEQ_RECORD.NEXTVAL, 80, 40, 5, 80, 40, 5, 80, 40, 5, 80, 40, 5);
INSERT INTO RECORD VALUES(SEQ_RECORD.NEXTVAL, 70, 44, 7, 70, 44, 7, 70, 44, 7, 70, 44, 7);
INSERT INTO RECORD VALUES(SEQ_RECORD.NEXTVAL, 40, 30, 1, 40, 30, 1, 40, 30, 1, 40, 30, 1); --20
INSERT INTO RECORD VALUES(SEQ_RECORD.NEXTVAL, 0, 0, 0, 0, 0, 0, 0, 0, 0, 0, 0, 0);  --21~200
INSERT INTO RECORD VALUES(SEQ_RECORD.NEXTVAL, 0, 0, 0, 0, 0, 0, 0, 0, 0, 0, 0, 0);
INSERT INTO RECORD VALUES(SEQ_RECORD.NEXTVAL, 0, 0, 0, 0, 0, 0, 0, 0, 0, 0, 0, 0);
INSERT INTO RECORD VALUES(SEQ_RECORD.NEXTVAL, 0, 0, 0, 0, 0, 0, 0, 0, 0, 0, 0, 0);
INSERT INTO RECORD VALUES(SEQ_RECORD.NEXTVAL, 0, 0, 0, 0, 0, 0, 0, 0, 0, 0, 0, 0);
INSERT INTO RECORD VALUES(SEQ_RECORD.NEXTVAL, 0, 0, 0, 0, 0, 0, 0, 0, 0, 0, 0, 0);
INSERT INTO RECORD VALUES(SEQ_RECORD.NEXTVAL, 0, 0, 0, 0, 0, 0, 0, 0, 0, 0, 0, 0);
INSERT INTO RECORD VALUES(SEQ_RECORD.NEXTVAL, 0, 0, 0, 0, 0, 0, 0, 0, 0, 0, 0, 0);
INSERT INTO RECORD VALUES(SEQ_RECORD.NEXTVAL, 0, 0, 0, 0, 0, 0, 0, 0, 0, 0, 0, 0);
INSERT INTO RECORD VALUES(SEQ_RECORD.NEXTVAL, 0, 0, 0, 0, 0, 0, 0, 0, 0, 0, 0, 0);
INSERT INTO RECORD VALUES(SEQ_RECORD.NEXTVAL, 0, 0, 0, 0, 0, 0, 0, 0, 0, 0, 0, 0);  --21~200
INSERT INTO RECORD VALUES(SEQ_RECORD.NEXTVAL, 0, 0, 0, 0, 0, 0, 0, 0, 0, 0, 0, 0);
INSERT INTO RECORD VALUES(SEQ_RECORD.NEXTVAL, 0, 0, 0, 0, 0, 0, 0, 0, 0, 0, 0, 0);
INSERT INTO RECORD VALUES(SEQ_RECORD.NEXTVAL, 0, 0, 0, 0, 0, 0, 0, 0, 0, 0, 0, 0);
INSERT INTO RECORD VALUES(SEQ_RECORD.NEXTVAL, 0, 0, 0, 0, 0, 0, 0, 0, 0, 0, 0, 0);
INSERT INTO RECORD VALUES(SEQ_RECORD.NEXTVAL, 0, 0, 0, 0, 0, 0, 0, 0, 0, 0, 0, 0);
INSERT INTO RECORD VALUES(SEQ_RECORD.NEXTVAL, 0, 0, 0, 0, 0, 0, 0, 0, 0, 0, 0, 0);
INSERT INTO RECORD VALUES(SEQ_RECORD.NEXTVAL, 0, 0, 0, 0, 0, 0, 0, 0, 0, 0, 0, 0);
INSERT INTO RECORD VALUES(SEQ_RECORD.NEXTVAL, 0, 0, 0, 0, 0, 0, 0, 0, 0, 0, 0, 0);
INSERT INTO RECORD VALUES(SEQ_RECORD.NEXTVAL, 0, 0, 0, 0, 0, 0, 0, 0, 0, 0, 0, 0);
INSERT INTO RECORD VALUES(SEQ_RECORD.NEXTVAL, 0, 0, 0, 0, 0, 0, 0, 0, 0, 0, 0, 0);  --21~200
INSERT INTO RECORD VALUES(SEQ_RECORD.NEXTVAL, 0, 0, 0, 0, 0, 0, 0, 0, 0, 0, 0, 0);
INSERT INTO RECORD VALUES(SEQ_RECORD.NEXTVAL, 0, 0, 0, 0, 0, 0, 0, 0, 0, 0, 0, 0);
INSERT INTO RECORD VALUES(SEQ_RECORD.NEXTVAL, 0, 0, 0, 0, 0, 0, 0, 0, 0, 0, 0, 0);
INSERT INTO RECORD VALUES(SEQ_RECORD.NEXTVAL, 0, 0, 0, 0, 0, 0, 0, 0, 0, 0, 0, 0);
INSERT INTO RECORD VALUES(SEQ_RECORD.NEXTVAL, 0, 0, 0, 0, 0, 0, 0, 0, 0, 0, 0, 0);
INSERT INTO RECORD VALUES(SEQ_RECORD.NEXTVAL, 0, 0, 0, 0, 0, 0, 0, 0, 0, 0, 0, 0);
INSERT INTO RECORD VALUES(SEQ_RECORD.NEXTVAL, 0, 0, 0, 0, 0, 0, 0, 0, 0, 0, 0, 0);
INSERT INTO RECORD VALUES(SEQ_RECORD.NEXTVAL, 0, 0, 0, 0, 0, 0, 0, 0, 0, 0, 0, 0);
INSERT INTO RECORD VALUES(SEQ_RECORD.NEXTVAL, 0, 0, 0, 0, 0, 0, 0, 0, 0, 0, 0, 0);
INSERT INTO RECORD VALUES(SEQ_RECORD.NEXTVAL, 0, 0, 0, 0, 0, 0, 0, 0, 0, 0, 0, 0);  --21~200
INSERT INTO RECORD VALUES(SEQ_RECORD.NEXTVAL, 0, 0, 0, 0, 0, 0, 0, 0, 0, 0, 0, 0);
INSERT INTO RECORD VALUES(SEQ_RECORD.NEXTVAL, 0, 0, 0, 0, 0, 0, 0, 0, 0, 0, 0, 0);
INSERT INTO RECORD VALUES(SEQ_RECORD.NEXTVAL, 0, 0, 0, 0, 0, 0, 0, 0, 0, 0, 0, 0);
INSERT INTO RECORD VALUES(SEQ_RECORD.NEXTVAL, 0, 0, 0, 0, 0, 0, 0, 0, 0, 0, 0, 0);
INSERT INTO RECORD VALUES(SEQ_RECORD.NEXTVAL, 0, 0, 0, 0, 0, 0, 0, 0, 0, 0, 0, 0);
INSERT INTO RECORD VALUES(SEQ_RECORD.NEXTVAL, 0, 0, 0, 0, 0, 0, 0, 0, 0, 0, 0, 0);
INSERT INTO RECORD VALUES(SEQ_RECORD.NEXTVAL, 0, 0, 0, 0, 0, 0, 0, 0, 0, 0, 0, 0);
INSERT INTO RECORD VALUES(SEQ_RECORD.NEXTVAL, 0, 0, 0, 0, 0, 0, 0, 0, 0, 0, 0, 0);
INSERT INTO RECORD VALUES(SEQ_RECORD.NEXTVAL, 0, 0, 0, 0, 0, 0, 0, 0, 0, 0, 0, 0);
INSERT INTO RECORD VALUES(SEQ_RECORD.NEXTVAL, 0, 0, 0, 0, 0, 0, 0, 0, 0, 0, 0, 0);  --21~200
INSERT INTO RECORD VALUES(SEQ_RECORD.NEXTVAL, 0, 0, 0, 0, 0, 0, 0, 0, 0, 0, 0, 0);
INSERT INTO RECORD VALUES(SEQ_RECORD.NEXTVAL, 0, 0, 0, 0, 0, 0, 0, 0, 0, 0, 0, 0);
INSERT INTO RECORD VALUES(SEQ_RECORD.NEXTVAL, 0, 0, 0, 0, 0, 0, 0, 0, 0, 0, 0, 0);
INSERT INTO RECORD VALUES(SEQ_RECORD.NEXTVAL, 0, 0, 0, 0, 0, 0, 0, 0, 0, 0, 0, 0);
INSERT INTO RECORD VALUES(SEQ_RECORD.NEXTVAL, 0, 0, 0, 0, 0, 0, 0, 0, 0, 0, 0, 0);
INSERT INTO RECORD VALUES(SEQ_RECORD.NEXTVAL, 0, 0, 0, 0, 0, 0, 0, 0, 0, 0, 0, 0);
INSERT INTO RECORD VALUES(SEQ_RECORD.NEXTVAL, 0, 0, 0, 0, 0, 0, 0, 0, 0, 0, 0, 0);
INSERT INTO RECORD VALUES(SEQ_RECORD.NEXTVAL, 0, 0, 0, 0, 0, 0, 0, 0, 0, 0, 0, 0);
INSERT INTO RECORD VALUES(SEQ_RECORD.NEXTVAL, 0, 0, 0, 0, 0, 0, 0, 0, 0, 0, 0, 0);
INSERT INTO RECORD VALUES(SEQ_RECORD.NEXTVAL, 0, 0, 0, 0, 0, 0, 0, 0, 0, 0, 0, 0);  --21~200
INSERT INTO RECORD VALUES(SEQ_RECORD.NEXTVAL, 0, 0, 0, 0, 0, 0, 0, 0, 0, 0, 0, 0);
INSERT INTO RECORD VALUES(SEQ_RECORD.NEXTVAL, 0, 0, 0, 0, 0, 0, 0, 0, 0, 0, 0, 0);
INSERT INTO RECORD VALUES(SEQ_RECORD.NEXTVAL, 0, 0, 0, 0, 0, 0, 0, 0, 0, 0, 0, 0);
INSERT INTO RECORD VALUES(SEQ_RECORD.NEXTVAL, 0, 0, 0, 0, 0, 0, 0, 0, 0, 0, 0, 0);
INSERT INTO RECORD VALUES(SEQ_RECORD.NEXTVAL, 0, 0, 0, 0, 0, 0, 0, 0, 0, 0, 0, 0);
INSERT INTO RECORD VALUES(SEQ_RECORD.NEXTVAL, 0, 0, 0, 0, 0, 0, 0, 0, 0, 0, 0, 0);
INSERT INTO RECORD VALUES(SEQ_RECORD.NEXTVAL, 0, 0, 0, 0, 0, 0, 0, 0, 0, 0, 0, 0);
INSERT INTO RECORD VALUES(SEQ_RECORD.NEXTVAL, 0, 0, 0, 0, 0, 0, 0, 0, 0, 0, 0, 0);
INSERT INTO RECORD VALUES(SEQ_RECORD.NEXTVAL, 0, 0, 0, 0, 0, 0, 0, 0, 0, 0, 0, 0);
INSERT INTO RECORD VALUES(SEQ_RECORD.NEXTVAL, 0, 0, 0, 0, 0, 0, 0, 0, 0, 0, 0, 0);  --21~200
INSERT INTO RECORD VALUES(SEQ_RECORD.NEXTVAL, 0, 0, 0, 0, 0, 0, 0, 0, 0, 0, 0, 0);
INSERT INTO RECORD VALUES(SEQ_RECORD.NEXTVAL, 0, 0, 0, 0, 0, 0, 0, 0, 0, 0, 0, 0);
INSERT INTO RECORD VALUES(SEQ_RECORD.NEXTVAL, 0, 0, 0, 0, 0, 0, 0, 0, 0, 0, 0, 0);
INSERT INTO RECORD VALUES(SEQ_RECORD.NEXTVAL, 0, 0, 0, 0, 0, 0, 0, 0, 0, 0, 0, 0);
INSERT INTO RECORD VALUES(SEQ_RECORD.NEXTVAL, 0, 0, 0, 0, 0, 0, 0, 0, 0, 0, 0, 0);
INSERT INTO RECORD VALUES(SEQ_RECORD.NEXTVAL, 0, 0, 0, 0, 0, 0, 0, 0, 0, 0, 0, 0);
INSERT INTO RECORD VALUES(SEQ_RECORD.NEXTVAL, 0, 0, 0, 0, 0, 0, 0, 0, 0, 0, 0, 0);
INSERT INTO RECORD VALUES(SEQ_RECORD.NEXTVAL, 0, 0, 0, 0, 0, 0, 0, 0, 0, 0, 0, 0);
INSERT INTO RECORD VALUES(SEQ_RECORD.NEXTVAL, 0, 0, 0, 0, 0, 0, 0, 0, 0, 0, 0, 0);
INSERT INTO RECORD VALUES(SEQ_RECORD.NEXTVAL, 0, 0, 0, 0, 0, 0, 0, 0, 0, 0, 0, 0);  --21~200
INSERT INTO RECORD VALUES(SEQ_RECORD.NEXTVAL, 0, 0, 0, 0, 0, 0, 0, 0, 0, 0, 0, 0);
INSERT INTO RECORD VALUES(SEQ_RECORD.NEXTVAL, 0, 0, 0, 0, 0, 0, 0, 0, 0, 0, 0, 0);
INSERT INTO RECORD VALUES(SEQ_RECORD.NEXTVAL, 0, 0, 0, 0, 0, 0, 0, 0, 0, 0, 0, 0);
INSERT INTO RECORD VALUES(SEQ_RECORD.NEXTVAL, 0, 0, 0, 0, 0, 0, 0, 0, 0, 0, 0, 0);
INSERT INTO RECORD VALUES(SEQ_RECORD.NEXTVAL, 0, 0, 0, 0, 0, 0, 0, 0, 0, 0, 0, 0);
INSERT INTO RECORD VALUES(SEQ_RECORD.NEXTVAL, 0, 0, 0, 0, 0, 0, 0, 0, 0, 0, 0, 0);
INSERT INTO RECORD VALUES(SEQ_RECORD.NEXTVAL, 0, 0, 0, 0, 0, 0, 0, 0, 0, 0, 0, 0);
INSERT INTO RECORD VALUES(SEQ_RECORD.NEXTVAL, 0, 0, 0, 0, 0, 0, 0, 0, 0, 0, 0, 0);
INSERT INTO RECORD VALUES(SEQ_RECORD.NEXTVAL, 0, 0, 0, 0, 0, 0, 0, 0, 0, 0, 0, 0);
INSERT INTO RECORD VALUES(SEQ_RECORD.NEXTVAL, 0, 0, 0, 0, 0, 0, 0, 0, 0, 0, 0, 0);  --21~200
INSERT INTO RECORD VALUES(SEQ_RECORD.NEXTVAL, 0, 0, 0, 0, 0, 0, 0, 0, 0, 0, 0, 0);
INSERT INTO RECORD VALUES(SEQ_RECORD.NEXTVAL, 0, 0, 0, 0, 0, 0, 0, 0, 0, 0, 0, 0);
INSERT INTO RECORD VALUES(SEQ_RECORD.NEXTVAL, 0, 0, 0, 0, 0, 0, 0, 0, 0, 0, 0, 0);
INSERT INTO RECORD VALUES(SEQ_RECORD.NEXTVAL, 0, 0, 0, 0, 0, 0, 0, 0, 0, 0, 0, 0);
INSERT INTO RECORD VALUES(SEQ_RECORD.NEXTVAL, 0, 0, 0, 0, 0, 0, 0, 0, 0, 0, 0, 0);
INSERT INTO RECORD VALUES(SEQ_RECORD.NEXTVAL, 0, 0, 0, 0, 0, 0, 0, 0, 0, 0, 0, 0);
INSERT INTO RECORD VALUES(SEQ_RECORD.NEXTVAL, 0, 0, 0, 0, 0, 0, 0, 0, 0, 0, 0, 0);
INSERT INTO RECORD VALUES(SEQ_RECORD.NEXTVAL, 0, 0, 0, 0, 0, 0, 0, 0, 0, 0, 0, 0);
INSERT INTO RECORD VALUES(SEQ_RECORD.NEXTVAL, 0, 0, 0, 0, 0, 0, 0, 0, 0, 0, 0, 0);
INSERT INTO RECORD VALUES(SEQ_RECORD.NEXTVAL, 0, 0, 0, 0, 0, 0, 0, 0, 0, 0, 0, 0);  --21~200
INSERT INTO RECORD VALUES(SEQ_RECORD.NEXTVAL, 0, 0, 0, 0, 0, 0, 0, 0, 0, 0, 0, 0);
INSERT INTO RECORD VALUES(SEQ_RECORD.NEXTVAL, 0, 0, 0, 0, 0, 0, 0, 0, 0, 0, 0, 0);
INSERT INTO RECORD VALUES(SEQ_RECORD.NEXTVAL, 0, 0, 0, 0, 0, 0, 0, 0, 0, 0, 0, 0);
INSERT INTO RECORD VALUES(SEQ_RECORD.NEXTVAL, 0, 0, 0, 0, 0, 0, 0, 0, 0, 0, 0, 0);
INSERT INTO RECORD VALUES(SEQ_RECORD.NEXTVAL, 0, 0, 0, 0, 0, 0, 0, 0, 0, 0, 0, 0);
INSERT INTO RECORD VALUES(SEQ_RECORD.NEXTVAL, 0, 0, 0, 0, 0, 0, 0, 0, 0, 0, 0, 0);
INSERT INTO RECORD VALUES(SEQ_RECORD.NEXTVAL, 0, 0, 0, 0, 0, 0, 0, 0, 0, 0, 0, 0);
INSERT INTO RECORD VALUES(SEQ_RECORD.NEXTVAL, 0, 0, 0, 0, 0, 0, 0, 0, 0, 0, 0, 0);
INSERT INTO RECORD VALUES(SEQ_RECORD.NEXTVAL, 0, 0, 0, 0, 0, 0, 0, 0, 0, 0, 0, 0);
INSERT INTO RECORD VALUES(SEQ_RECORD.NEXTVAL, 0, 0, 0, 0, 0, 0, 0, 0, 0, 0, 0, 0);  --21~200
INSERT INTO RECORD VALUES(SEQ_RECORD.NEXTVAL, 0, 0, 0, 0, 0, 0, 0, 0, 0, 0, 0, 0);
INSERT INTO RECORD VALUES(SEQ_RECORD.NEXTVAL, 0, 0, 0, 0, 0, 0, 0, 0, 0, 0, 0, 0);
INSERT INTO RECORD VALUES(SEQ_RECORD.NEXTVAL, 0, 0, 0, 0, 0, 0, 0, 0, 0, 0, 0, 0);
INSERT INTO RECORD VALUES(SEQ_RECORD.NEXTVAL, 0, 0, 0, 0, 0, 0, 0, 0, 0, 0, 0, 0);
INSERT INTO RECORD VALUES(SEQ_RECORD.NEXTVAL, 0, 0, 0, 0, 0, 0, 0, 0, 0, 0, 0, 0);
INSERT INTO RECORD VALUES(SEQ_RECORD.NEXTVAL, 0, 0, 0, 0, 0, 0, 0, 0, 0, 0, 0, 0);
INSERT INTO RECORD VALUES(SEQ_RECORD.NEXTVAL, 0, 0, 0, 0, 0, 0, 0, 0, 0, 0, 0, 0);
INSERT INTO RECORD VALUES(SEQ_RECORD.NEXTVAL, 0, 0, 0, 0, 0, 0, 0, 0, 0, 0, 0, 0);
INSERT INTO RECORD VALUES(SEQ_RECORD.NEXTVAL, 0, 0, 0, 0, 0, 0, 0, 0, 0, 0, 0, 0);
SELECT*FROM RECORD;
--//---------- 팀 ----------//--
--축구팀
INSERT INTO TEAM VALUES(SEQ_TEAM.NEXTVAL, 'TEAM1', 'USER1', 50, 50, '축구', 0, 0, 0, 0); --1
INSERT INTO TEAM VALUES(SEQ_TEAM.NEXTVAL, 'TEAM2', 'USER12', 51, 51, '축구', 0, 0, 0, 0); 
INSERT INTO TEAM VALUES(SEQ_TEAM.NEXTVAL, 'TEAM3', 'USER41', 52, 52, '축구', 0, 0, 0, 0); 
INSERT INTO TEAM VALUES(SEQ_TEAM.NEXTVAL, 'TEAM4', 'USER42', 53, 53, '축구', 0, 0, 0, 0);
INSERT INTO TEAM VALUES(SEQ_TEAM.NEXTVAL, 'TEAM5', 'USER46', 54, 54, '축구', 0, 0, 0, 0); --5
INSERT INTO TEAM VALUES(SEQ_TEAM.NEXTVAL, 'TEAM6', 'USER57', 55, 55, '축구', 0, 0, 0, 0);
INSERT INTO TEAM VALUES(SEQ_TEAM.NEXTVAL, 'TEAM7', 'USER68', 56, 56, '축구', 0, 0, 0, 0);
INSERT INTO TEAM VALUES(SEQ_TEAM.NEXTVAL, 'TEAM8', 'USER79', 57, 57, '축구', 0, 0, 0, 0); 
INSERT INTO TEAM VALUES(SEQ_TEAM.NEXTVAL, 'TEAM9', 'USER90', 58, 58, '축구', 0, 0, 0, 0); 
INSERT INTO TEAM VALUES(SEQ_TEAM.NEXTVAL, 'TEAM10', 'USER101', 59, 59, '축구', 0, 0, 0, 0); --10
INSERT INTO TEAM VALUES(SEQ_TEAM.NEXTVAL, 'TEAM11', 'USER112', 60, 60, '축구', 0, 0, 0, 0); --11
INSERT INTO TEAM VALUES(SEQ_TEAM.NEXTVAL, 'TEAM12', 'USER113', 61, 61, '축구', 0, 0, 0, 0); 
INSERT INTO TEAM VALUES(SEQ_TEAM.NEXTVAL, 'TEAM13', 'USER114', 62, 62, '축구', 0, 0, 0, 0); 
INSERT INTO TEAM VALUES(SEQ_TEAM.NEXTVAL, 'TEAM14', 'USER115', 63, 63, '축구', 0, 0, 0, 0);
INSERT INTO TEAM VALUES(SEQ_TEAM.NEXTVAL, 'TEAM15', 'USER116', 64, 64, '축구', 0, 0, 0, 0); --15
INSERT INTO TEAM VALUES(SEQ_TEAM.NEXTVAL, 'TEAM16', 'USER117', 65, 65, '축구', 0, 0, 0, 0);
INSERT INTO TEAM VALUES(SEQ_TEAM.NEXTVAL, 'TEAM17', 'USER118', 66, 66, '축구', 0, 0, 0, 0);
INSERT INTO TEAM VALUES(SEQ_TEAM.NEXTVAL, 'TEAM18', 'USER119', 67, 67, '축구', 0, 0, 0, 0); 
INSERT INTO TEAM VALUES(SEQ_TEAM.NEXTVAL, 'TEAM19', 'USER120', 68, 68, '축구', 0, 0, 0, 0); 
INSERT INTO TEAM VALUES(SEQ_TEAM.NEXTVAL, 'TEAM20', 'USER121', 69, 69, '축구', 0, 0, 0, 0); --20
--UPDATE TEAM SET TEAM_LEADER='USER40' WHERE TEAM_NAME='BB_TEAM20';
--SELECT*FROM TEAM;
--야구팀
INSERT INTO TEAM VALUES(SEQ_TEAM.NEXTVAL, 'BB_TEAM1', 'USER21', 50, 50, '야구', 0, 0, 0, 0); --21
INSERT INTO TEAM VALUES(SEQ_TEAM.NEXTVAL, 'BB_TEAM2', 'USER22', 51, 51, '야구', 0, 0, 0, 0); 
INSERT INTO TEAM VALUES(SEQ_TEAM.NEXTVAL, 'BB_TEAM3', 'USER23', 52, 52, '야구', 0, 0, 0, 0); 
INSERT INTO TEAM VALUES(SEQ_TEAM.NEXTVAL, 'BB_TEAM4', 'USER24', 53, 53, '야구', 0, 0, 0, 0);
INSERT INTO TEAM VALUES(SEQ_TEAM.NEXTVAL, 'BB_TEAM5', 'USER25', 54, 54, '야구', 0, 0, 0, 0); --25
INSERT INTO TEAM VALUES(SEQ_TEAM.NEXTVAL, 'BB_TEAM6', 'USER26', 55, 55, '야구', 0, 0, 0, 0);
INSERT INTO TEAM VALUES(SEQ_TEAM.NEXTVAL, 'BB_TEAM7', 'USER27', 56, 56, '야구', 0, 0, 0, 0);
INSERT INTO TEAM VALUES(SEQ_TEAM.NEXTVAL, 'BB_TEAM8', 'USER28', 57, 57, '야구', 0, 0, 0, 0); 
INSERT INTO TEAM VALUES(SEQ_TEAM.NEXTVAL, 'BB_TEAM9', 'USER29', 58, 58, '야구', 0, 0, 0, 0); 
INSERT INTO TEAM VALUES(SEQ_TEAM.NEXTVAL, 'BB_TEAM10', 'USER30', 59, 59, '야구', 0, 0, 0, 0); --30
INSERT INTO TEAM VALUES(SEQ_TEAM.NEXTVAL, 'BB_TEAM11', 'USER31', 60, 60, '야구', 0, 0, 0, 0); --31
INSERT INTO TEAM VALUES(SEQ_TEAM.NEXTVAL, 'BB_TEAM12', 'USER32', 61, 61, '야구', 0, 0, 0, 0); 
INSERT INTO TEAM VALUES(SEQ_TEAM.NEXTVAL, 'BB_TEAM13', 'USER33', 62, 62, '야구', 0, 0, 0, 0); 
INSERT INTO TEAM VALUES(SEQ_TEAM.NEXTVAL, 'BB_TEAM14', 'USER34', 63, 63, '야구', 0, 0, 0, 0);
INSERT INTO TEAM VALUES(SEQ_TEAM.NEXTVAL, 'BB_TEAM15', 'USER35', 64, 64, '야구', 0, 0, 0, 0); --35
INSERT INTO TEAM VALUES(SEQ_TEAM.NEXTVAL, 'BB_TEAM16', 'USER36', 65, 65, '야구', 0, 0, 0, 0);
INSERT INTO TEAM VALUES(SEQ_TEAM.NEXTVAL, 'BB_TEAM17', 'USER37', 66, 66, '야구', 0, 0, 0, 0);
INSERT INTO TEAM VALUES(SEQ_TEAM.NEXTVAL, 'BB_TEAM18', 'USER38', 67, 67, '야구', 0, 0, 0, 0); 
INSERT INTO TEAM VALUES(SEQ_TEAM.NEXTVAL, 'BB_TEAM19', 'USER39', 68, 68, '야구', 0, 0, 0, 0); 
INSERT INTO TEAM VALUES(SEQ_TEAM.NEXTVAL, 'BB_TEAM20', 'USER40', 69, 69, '야구', 0, 0, 0, 0); --40

commit;
select*from player;
--//---------- 플레이어 ----------//--
--TEAM1
INSERT INTO PLAYER VALUES('USER1', 'LEADER1', '1111', 'Gangnam', '000-0000-0000', 21, 1, 1, 21, 1, 50, 50, 'SAVEFILENAME', 100); --1
  --USER1의 회원들
    INSERT INTO PLAYER VALUES('USER2', 'MEMBER', '1111', 'Songpa', '000-0000-0000', 22, 1, 1, 21, 1, 50, 50, 'SAVEFILENAME', 100); --1
    INSERT INTO PLAYER VALUES('USER3', 'MEMBER', '1111', 'Gwangjin', '000-0000-0000', 23, 1, 1, 21, 1, 50, 50, 'SAVEFILENAME', 100);
    INSERT INTO PLAYER VALUES('USER4', 'MEMBER', '1111', 'Dongdaemun', '000-0000-0000', 24, 1, 1, 21, 1, 50, 50, 'SAVEFILENAME', 100);
    INSERT INTO PLAYER VALUES('USER5', 'MEMBER', '1111', 'Dongdaemun', '000-0000-0000', 25, 1, 1, 21, 1, 50, 50, 'SAVEFILENAME', 100); 
    INSERT INTO PLAYER VALUES('USER6', 'MEMBER', '1111', 'Gangnam', '000-0000-0000', 26, 1, 1, 21, 1, 50, 50, 'SAVEFILENAME', 100); --5
    INSERT INTO PLAYER VALUES('USER7', 'MEMBER', '1111', 'Gangnam', '000-0000-0000', 27, 1, 1, 21, 1, 50, 50, 'SAVEFILENAME', 100); 
    INSERT INTO PLAYER VALUES('USER8', 'MEMBER', '1111', 'Songpa', '000-0000-0000', 28, 1, 1, 21, 1, 50, 50, 'SAVEFILENAME', 100); 
    INSERT INTO PLAYER VALUES('USER9', 'MEMBER', '1111', 'Gwangjin', '000-0000-0000', 29, 1, 1, 21, 1, 50, 50, 'SAVEFILENAME', 100); 
    INSERT INTO PLAYER VALUES('USER10', 'MEMBER', '1111', 'Gwangjin', '000-0000-0000', 30, 1, 1, 22, 1, 50, 50, 'SAVEFILENAME', 100); 
    INSERT INTO PLAYER VALUES('USER11', 'MEMBER', '1111', 'Gwangjin', '000-0000-0000', 31, 1, 1, 22, 1, 50, 50, 'SAVEFILENAME', 100); --10

--TEAM2
INSERT INTO PLAYER VALUES('USER12', 'LEADER2', '1111', 'Gangdong', '000-0000-0000', 32, 2, 1, 22, 1, 50, 50, 'SAVEFILENAME', 100); --2
 --USER12의 회원들
    INSERT INTO PLAYER VALUES('USER13', 'MEMBER', '1111', 'Seongdong', '000-0000-0000', 33, 2, 1, 22, 1, 50, 100, 'SAVEFILENAME', 100); --1
    INSERT INTO PLAYER VALUES('USER14', 'MEMBER', '1111', 'Seongdong', '000-0000-0000', 34, 2, 1, 22, 1, 50, 50, 'SAVEFILENAME', 100); 
    INSERT INTO PLAYER VALUES('USER15', 'MEMBER', '1111', 'Gangdong', '000-0000-0000', 35, 2, 1, 22, 1, 50, 50, 'SAVEFILENAME', 100); 
    INSERT INTO PLAYER VALUES('USER16', 'MEMBER', '1111', 'Gangdong', '000-0000-0000', 36, 2, 1, 22, 1, 50, 50, 'SAVEFILENAME', 100); 
    INSERT INTO PLAYER VALUES('USER17', 'MEMBER', '1111', 'Seongdong', '000-0000-0000', 37, 2, 1, 22, 1, 50, 50, 'SAVEFILENAME', 100); --5
    INSERT INTO PLAYER VALUES('USER18', 'MEMBER', '1111', 'Seongdong', '000-0000-0000', 38, 2, 1, 23, 1, 50, 50, 'SAVEFILENAME', 100);
    INSERT INTO PLAYER VALUES('USER19', 'MEMBER', '1111', 'Gangdong', '000-0000-0000', 39, 2, 1, 23, 1, 50, 50, 'SAVEFILENAME', 100); 
    INSERT INTO PLAYER VALUES('USER20', 'MEMBER', '1111', 'Gangdong', '000-0000-0000', 40, 2, 1, 23, 1, 50, 50, 'SAVEFILENAME', 100); 
    INSERT INTO PLAYER VALUES('USER21', 'BB_LEADER1', '1111', 'Gangdong', '000-0000-0000', 41, 2, 1, 21, 1, 50, 50, 'SAVEFILENAME', 100); 
    INSERT INTO PLAYER VALUES('USER22', 'BB_LEADER2', '1111', 'Gangdong', '000-0000-0000', 42, 2, 1, 22, 1, 50, 50, 'SAVEFILENAME', 100); --10

--TEAM3
INSERT INTO PLAYER VALUES('USER41', 'LEADER3', '1111', 'Gangbuk', '000-0000-0000', 43, 3, 1, 23, 1, 100, 100, 'SAVEFILENAME', 100); --3
 --USER41의 회원들
    INSERT INTO PLAYER VALUES('USER23', 'BB_LEADER3', '1111', 'Seongbuk', '000-0000-0000', 44, 3, 1, 23, 1, 100, 100, 'SAVEFILENAME', 100); --1
    INSERT INTO PLAYER VALUES('USER24', 'BB_LEADER4', '1111', 'Seongbuk', '000-0000-0000', 45, 3, 1, 24, 1, 100, 100, 'SAVEFILENAME', 100); 
    INSERT INTO PLAYER VALUES('USER25', 'BB_LEADER5', '1111', 'Seongbuk', '000-0000-0000', 46, 3, 1, 25, 1, 100, 100, 'SAVEFILENAME', 100); 
    INSERT INTO PLAYER VALUES('USER26', 'BB_LEADER6', '1111', 'Dobong', '000-0000-0000', 47, 3, 1, 26, 1, 100, 100, 'SAVEFILENAME', 100); 
    INSERT INTO PLAYER VALUES('USER27', 'BB_LEADER7', '1111', 'Dobong', '000-0000-0000', 48, 3, 1, 27, 1, 100, 100, 'SAVEFILENAME', 100); --5
    INSERT INTO PLAYER VALUES('USER28', 'BB_LEADER8', '1111', 'Dobong', '000-0000-0000', 49, 3, 1, 28, 1, 100, 100, 'SAVEFILENAME', 100);
    INSERT INTO PLAYER VALUES('USER29', 'BB_LEADER9', '1111', 'Gangbuk', '000-0000-0000', 50, 3, 1, 29, 1, 100, 100, 'SAVEFILENAME', 100); 
    INSERT INTO PLAYER VALUES('USER30', 'BB_LEADER10', '1111', 'Gangbuk', '000-0000-0000', 51, 3, 1, 30, 1, 100, 100, 'SAVEFILENAME', 100); 
    INSERT INTO PLAYER VALUES('USER31', 'BB_LEADER11', '1111', 'Gangbuk', '000-0000-0000', 52, 3, 1, 31, 1, 100, 100, 'SAVEFILENAME', 100); 
    INSERT INTO PLAYER VALUES('USER32', 'BB_LEADER12', '1111', 'Gangbuk', '000-0000-0000', 53, 3, 1, 32, 1, 100, 100, 'SAVEFILENAME', 100); --10

--TEAM4
INSERT INTO PLAYER VALUES('USER42', 'LEADER4', '1111', 'Gangseo', '000-0000-0000', 54, 4, 1, 23, 1, 150, 150, 'SAVEFILENAME', 100); --4
 --USER41의 회원들
    INSERT INTO PLAYER VALUES('USER33', 'BB_LEADER13', '1111', 'Gangseo', '000-0000-0000', 55, 4, 1, 33, 1, 150, 150, 'SAVEFILENAME', 100); --1
    INSERT INTO PLAYER VALUES('USER34', 'BB_LEADER14', '1111', 'Gangseo', '000-0000-0000', 56, 4, 1, 34, 1, 150, 150, 'SAVEFILENAME', 100); 
    INSERT INTO PLAYER VALUES('USER35', 'BB_LEADER15', '1111', 'Gangseo', '000-0000-0000', 57, 4, 1, 35, 1, 150, 150, 'SAVEFILENAME', 100); 
    INSERT INTO PLAYER VALUES('USER36', 'BB_LEADER16', '1111', 'Mapo', '000-0000-0000', 58, 4, 1, 36, 1, 150, 150, 'SAVEFILENAME', 100); 
    INSERT INTO PLAYER VALUES('USER37', 'BB_LEADER17', '1111', 'Mapo', '000-0000-0000', 59, 4, 1, 37, 1, 150, 150, 'SAVEFILENAME', 100); --5
    INSERT INTO PLAYER VALUES('USER38', 'BB_LEADER18', '1111', 'Mapo', '000-0000-0000', 60, 4, 1, 38, 1, 200, 200, 'SAVEFILENAME', 100);
    INSERT INTO PLAYER VALUES('USER39', 'BB_LEADER19', '1111', 'Mapo', '000-0000-0000', 61, 4, 1, 39, 1, 200, 200, 'SAVEFILENAME', 100); 
    INSERT INTO PLAYER VALUES('USER40', 'BB_LEADER20', '1111', 'Seodaemun', '000-0000-0000', 62, 4, 1, 40, 1, 200, 200, 'SAVEFILENAME', 100); 
    INSERT INTO PLAYER VALUES('USER44', 'MEMBER', '1111', 'Seodaemun', '000-0000-0000', 63, 4, 1, 23, 1, 200, 200, 'SAVEFILENAME', 100); 
    INSERT INTO PLAYER VALUES('USER45', 'MEMBER', '1111', 'Seodaemun', '000-0000-0000', 64, 4, 1, 23, 1, 200, 200, 'SAVEFILENAME', 100); --10

--TEAM5
INSERT INTO PLAYER VALUES('USER46', 'LEADER5', '1111', 'Gwanak', '000-0000-0000', 54, 5, 1, 23, 1, 200, 200, 'SAVEFILENAME', 100); --5
 --USER41의 회원들
    INSERT INTO PLAYER VALUES('USER47', 'MEMBER', '1111', 'Gwanak', '000-0000-0000', 55, 5, 1, 23, 1, 200, 200, 'SAVEFILENAME', 100); --1
    INSERT INTO PLAYER VALUES('USER48', 'MEMBER', '1111', 'Gwanak', '000-0000-0000', 56, 5, 1, 23, 1, 200, 200, 'SAVEFILENAME', 100); 
    INSERT INTO PLAYER VALUES('USER49', 'MEMBER', '1111', 'Gwanak', '000-0000-0000', 57, 5, 1, 24, 1, 250, 250, 'SAVEFILENAME', 100); 
    INSERT INTO PLAYER VALUES('USER50', 'MEMBER', '1111', 'Gwanak', '000-0000-0000', 58, 5, 1, 24, 1, 250, 250, 'SAVEFILENAME', 100); 
    INSERT INTO PLAYER VALUES('USER51', 'MEMBER', '1111', 'Dongjak', '000-0000-0000', 59, 5, 1, 24, 1, 250, 250, 'SAVEFILENAME', 100); --5
    INSERT INTO PLAYER VALUES('USER52', 'MEMBER', '1111', 'Dongjak', '000-0000-0000', 60, 5, 1, 24, 1, 250, 250, 'SAVEFILENAME', 100);
    INSERT INTO PLAYER VALUES('USER53', 'MEMBER', '1111', 'Dongjak', '000-0000-0000', 61, 5, 1, 24, 1, 250, 250, 'SAVEFILENAME', 100); 
    INSERT INTO PLAYER VALUES('USER54', 'MEMBER', '1111', 'Dongjak', '000-0000-0000', 62, 5, 1, 24, 1, 250, 250, 'SAVEFILENAME', 100); 
    INSERT INTO PLAYER VALUES('USER55', 'MEMBER', '1111', 'Dongjak', '000-0000-0000', 63, 5, 1, 24, 1, 250, 250, 'SAVEFILENAME', 100); 
    INSERT INTO PLAYER VALUES('USER56', 'MEMBER', '1111', 'Dongjak', '000-0000-0000', 64, 5, 1, 24, 1, 250, 250, 'SAVEFILENAME', 100); --10

--TEAM6
INSERT INTO PLAYER VALUES('USER57', 'LEADER6', '1111', 'Guro', '000-0000-0000', 65, 6, 1, 25, 1, 50, 50, 'SAVEFILENAME', 100); --6
 --USER41의 회원들
    INSERT INTO PLAYER VALUES('USER58', 'MEMBER', '1111', 'Guro', '000-0000-0000', 66, 6, 1, 25, 1, 50, 50, 'SAVEFILENAME', 100); --1
    INSERT INTO PLAYER VALUES('USER59', 'MEMBER', '1111', 'Guro', '000-0000-0000', 67, 6, 1, 25, 1, 50, 50, 'SAVEFILENAME', 100); 
    INSERT INTO PLAYER VALUES('USER60', 'MEMBER', '1111', 'Guro', '000-0000-0000', 68, 6, 1, 25, 1, 50, 50, 'SAVEFILENAME', 100); 
    INSERT INTO PLAYER VALUES('USER61', 'MEMBER', '1111', 'Guro', '000-0000-0000', 69, 6, 1, 25, 1, 50, 50, 'SAVEFILENAME', 100); 
    INSERT INTO PLAYER VALUES('USER62', 'MEMBER', '1111', 'Guro', '000-0000-0000', 70, 6, 1, 25, 1, 100, 100, 'SAVEFILENAME', 100); --5
    INSERT INTO PLAYER VALUES('USER63', 'MEMBER', '1111', 'Yeongdeungpo', '000-0000-0000', 71, 6, 1, 25, 1, 100, 100, 'SAVEFILENAME', 100);
    INSERT INTO PLAYER VALUES('USER64', 'MEMBER', '1111', 'Yeongdeungpo', '000-0000-0000', 72, 6, 1, 25, 1, 100, 100, 'SAVEFILENAME', 100); 
    INSERT INTO PLAYER VALUES('USER65', 'MEMBER', '1111', 'Yeongdeungpo', '000-0000-0000', 73, 6, 1, 26, 1, 150, 150, 'SAVEFILENAME', 100); 
    INSERT INTO PLAYER VALUES('USER66', 'MEMBER', '1111', 'Yeongdeungpo', '000-0000-0000', 74, 6, 1, 26, 1, 150, 150, 'SAVEFILENAME', 100); 
    INSERT INTO PLAYER VALUES('USER67', 'MEMBER', '1111', 'Yeongdeungpo', '000-0000-0000', 75, 6, 1, 26, 1, 150, 150, 'SAVEFILENAME', 100); --10
    
--TEAM7
INSERT INTO PLAYER VALUES('USER68', 'LEADER7', '1111', 'Geumcheon', '000-0000-0000', 76, 7, 1, 26, 1, 200, 200, 'SAVEFILENAME', 100); --7
 --USER41의 회원들
    INSERT INTO PLAYER VALUES('USER69', 'MEMBER', '1111', 'Geumcheon', '000-0000-0000', 77, 7, 1, 26, 1, 200, 200, 'SAVEFILENAME', 100); --1
    INSERT INTO PLAYER VALUES('USER70', 'MEMBER', '1111', 'Geumcheon', '000-0000-0000', 78, 7, 1, 26, 1, 200, 200, 'SAVEFILENAME', 100); 
    INSERT INTO PLAYER VALUES('USER71', 'MEMBER', '1111', 'Geumcheon', '000-0000-0000', 79, 7, 1, 26, 1, 200, 200, 'SAVEFILENAME', 100); 
    INSERT INTO PLAYER VALUES('USER72', 'MEMBER', '1111', 'Geumcheon', '000-0000-0000', 80, 7, 1, 26, 1, 200, 200, 'SAVEFILENAME', 100); 
    INSERT INTO PLAYER VALUES('USER73', 'MEMBER', '1111', 'Dongjak', '000-0000-0000', 81, 7, 1, 27, 1, 200, 200, 'SAVEFILENAME', 100); --5
    INSERT INTO PLAYER VALUES('USER74', 'MEMBER', '1111', 'Dongjak', '000-0000-0000', 82, 7, 1, 27, 1, 100, 100, 'SAVEFILENAME', 100);
    INSERT INTO PLAYER VALUES('USER75', 'MEMBER', '1111', 'Dongjak', '000-0000-0000', 83, 7, 1, 27, 1, 100, 100, 'SAVEFILENAME', 100); 
    INSERT INTO PLAYER VALUES('USER76', 'MEMBER', '1111', 'Yeongdeungpo', '000-0000-0000', 84, 7, 1, 27, 1, 150, 150, 'SAVEFILENAME', 100); 
    INSERT INTO PLAYER VALUES('USER77', 'MEMBER', '1111', 'Yeongdeungpo', '000-0000-0000', 85, 7, 1, 27, 1, 150, 150, 'SAVEFILENAME', 100); 
    INSERT INTO PLAYER VALUES('USER78', 'MEMBER', '1111', 'Yeongdeungpo', '000-0000-0000', 86, 7, 1, 27, 1, 150, 150, 'SAVEFILENAME', 100); --10

--TEAM8
INSERT INTO PLAYER VALUES('USER79', 'LEADER8', '1111', 'Geumcheon', '000-0000-0000', 87, 8, 1, 27, 1, 200, 200, 'SAVEFILENAME', 100); --8
 --USER41의 회원들
    INSERT INTO PLAYER VALUES('USER80', 'MEMBER', '1111', 'Geumcheon', '000-0000-0000', 88, 8, 1, 27, 1, 200, 200, 'SAVEFILENAME', 100); --1
    INSERT INTO PLAYER VALUES('USER81', 'MEMBER', '1111', 'Geumcheon', '000-0000-0000', 89, 8, 1, 28, 1, 200, 200, 'SAVEFILENAME', 100); 
    INSERT INTO PLAYER VALUES('USER82', 'MEMBER', '1111', 'Geumcheon', '000-0000-0000', 90, 8, 1, 28, 1, 200, 200, 'SAVEFILENAME', 100); 
    INSERT INTO PLAYER VALUES('USER83', 'MEMBER', '1111', 'Geumcheon', '000-0000-0000', 91, 8, 1, 28, 1, 200, 200, 'SAVEFILENAME', 100); 
    INSERT INTO PLAYER VALUES('USER84', 'MEMBER', '1111', 'Dongjak', '000-0000-0000', 92, 8, 1, 28, 1, 200, 200, 'SAVEFILENAME', 100); --5
    INSERT INTO PLAYER VALUES('USER85', 'MEMBER', '1111', 'Dongjak', '000-0000-0000', 93, 8, 1, 28, 1, 200, 200, 'SAVEFILENAME', 100);
    INSERT INTO PLAYER VALUES('USER86', 'MEMBER', '1111', 'Dongjak', '000-0000-0000', 94, 8, 1, 28, 1, 150, 150, 'SAVEFILENAME', 100); 
    INSERT INTO PLAYER VALUES('USER87', 'MEMBER', '1111', 'Yeongdeungpo', '000-0000-0000', 95, 8, 1, 28, 1, 150, 150, 'SAVEFILENAME', 100); 
    INSERT INTO PLAYER VALUES('USER88', 'MEMBER', '1111', 'Yeongdeungpo', '000-0000-0000', 96, 8, 1, 28, 1, 150, 150, 'SAVEFILENAME', 100); 
    INSERT INTO PLAYER VALUES('USER89', 'MEMBER', '1111', 'Yeongdeungpo', '000-0000-0000', 97, 8, 1, 29, 1, 150, 150, 'SAVEFILENAME', 100); --10

--TEAM9
INSERT INTO PLAYER VALUES('USER90', 'LEADER9', '1111', 'Nowon', '000-0000-0000', 98, 9, 1, 29, 1, 50, 50, 'SAVEFILENAME', 100); --9
 --USER41의 회원들
    INSERT INTO PLAYER VALUES('USER91', 'MEMBER', '1111', 'Nowon', '000-0000-0000', 99, 9, 1, 29, 1, 50, 50, 'SAVEFILENAME', 100); --1
    INSERT INTO PLAYER VALUES('USER92', 'MEMBER', '1111', 'Nowon', '000-0000-0000', 100, 9, 1, 29, 1, 50, 50, 'SAVEFILENAME', 100); 
    INSERT INTO PLAYER VALUES('USER93', 'MEMBER', '1111', 'Nowon', '000-0000-0000', 101, 9, 1, 29, 1, 100, 100, 'SAVEFILENAME', 100); 
    INSERT INTO PLAYER VALUES('USER94', 'MEMBER', '1111', 'Nowon', '000-0000-0000', 102, 9, 1, 29, 1, 100, 100, 'SAVEFILENAME', 100); 
    INSERT INTO PLAYER VALUES('USER95', 'MEMBER', '1111', 'Dobong', '000-0000-0000', 103, 9, 1, 29, 1, 100, 100, 'SAVEFILENAME', 100); --5
    INSERT INTO PLAYER VALUES('USER96', 'MEMBER', '1111', 'Dobong', '000-0000-0000', 104, 9, 1, 29, 1, 100, 100, 'SAVEFILENAME', 100);
    INSERT INTO PLAYER VALUES('USER97', 'MEMBER', '1111', 'Jungnang', '000-0000-0000', 105, 9, 1, 30, 1, 150, 150, 'SAVEFILENAME', 100); 
    INSERT INTO PLAYER VALUES('USER98', 'MEMBER', '1111', 'Jungnang', '000-0000-0000', 106, 9, 1, 30, 1, 150, 150, 'SAVEFILENAME', 100); 
    INSERT INTO PLAYER VALUES('USER99', 'MEMBER', '1111', 'Jungnang', '000-0000-0000', 107, 9, 1, 30, 1, 150, 150, 'SAVEFILENAME', 100); 
    INSERT INTO PLAYER VALUES('USER100', 'MEMBER', '1111', 'Jungnang', '000-0000-0000', 108, 9, 1, 30, 1, 150, 150, 'SAVEFILENAME', 100); --10

--TEAM10
INSERT INTO PLAYER VALUES('USER101', 'LEADER10', '1111', 'Dobong', '000-0000-0000', 109, 10, 1, 30, 1, 50, 50, 'SAVEFILENAME', 100); --10
 --USER41의 회원들
    INSERT INTO PLAYER VALUES('USER102', 'MEMBER', '1111', 'Dobong', '000-0000-0000', 99, 10, 1, 30, 1, 50, 50, 'SAVEFILENAME', 100); --1
    INSERT INTO PLAYER VALUES('USER103', 'MEMBER', '1111', 'Dobong', '000-0000-0000', 100, 10, 1, 30, 1, 50, 50, 'SAVEFILENAME', 100); 
    INSERT INTO PLAYER VALUES('USER104', 'MEMBER', '1111', 'Gangbuk', '000-0000-0000', 101, 10, 1, 30, 1, 100, 100, 'SAVEFILENAME', 100); 
    INSERT INTO PLAYER VALUES('USER105', 'MEMBER', '1111', 'Gangbuk', '000-0000-0000', 102, 10, 1, 31, 1, 100, 100, 'SAVEFILENAME', 100); 
    INSERT INTO PLAYER VALUES('USER106', 'MEMBER', '1111', 'Seongbuk', '000-0000-0000', 103, 10, 1, 31, 1, 100, 100, 'SAVEFILENAME', 100); --5
    INSERT INTO PLAYER VALUES('USER107', 'MEMBER', '1111', 'Seongbuk', '000-0000-0000', 104, 10, 1, 31, 1, 100, 100, 'SAVEFILENAME', 100);
    INSERT INTO PLAYER VALUES('USER108', 'MEMBER', '1111', 'Seongbuk', '000-0000-0000', 105, 10, 1, 31, 1, 150, 150, 'SAVEFILENAME', 100); 
    INSERT INTO PLAYER VALUES('USER109', 'MEMBER', '1111', 'Dongdaemun', '000-0000-0000', 106, 10, 1, 31, 1, 150, 150, 'SAVEFILENAME', 100); 
    INSERT INTO PLAYER VALUES('USER110', 'MEMBER', '1111', 'Dongdaemun', '000-0000-0000', 107, 10, 1, 31, 1, 150, 150, 'SAVEFILENAME', 100); 
    INSERT INTO PLAYER VALUES('USER111', 'MEMBER', '1111', 'Dongdaemun', '000-0000-0000', 108, 10, 1, 31, 1, 150, 150, 'SAVEFILENAME', 100); --10
--DELETE FROM PLAYER WHERE USER_ID='USER121';
--//야구팀 플레이어들 -73명
SELECT*FROM TEAM WHERE TEAM_GAMETYPE='야구';
INSERT INTO PLAYER VALUES('USER112', 'LEADER11', '1111', 'Dongjak', '000-0000-0000', 109, 11, 0, 31, 1, 50, 50, 'SAVEFILENAME', 100);

INSERT INTO PLAYER VALUES('USER113', 'LEADER12', '1111', 'Dongjak', '000-0000-0000', 110, 12, 0, 32, 1, 50, 50, 'SAVEFILENAME', 100);
INSERT INTO PLAYER VALUES('USER114', 'LEADER13', '1111', 'Dongjak', '000-0000-0000', 111, 13, 0, 32, 1, 50, 50, 'SAVEFILENAME', 100);
INSERT INTO PLAYER VALUES('USER115', 'LEADER14', '1111', 'Dongjak', '000-0000-0000', 112, 14, 0, 32, 1, 50, 50, 'SAVEFILENAME', 100);
INSERT INTO PLAYER VALUES('USER116', 'LEADER15', '1111', 'Dongjak', '000-0000-0000', 113, 15, 0, 32, 1, 50, 50, 'SAVEFILENAME', 100);
INSERT INTO PLAYER VALUES('USER117', 'LEADER16', '1111', 'Mapo', '000-0000-0000', 114, 16, 0, 32, 1, 50, 50, 'SAVEFILENAME', 100);
INSERT INTO PLAYER VALUES('USER118', 'LEADER17', '1111', 'Mapo', '000-0000-0000', 115, 17, 0, 32, 0, 50, 50, 'SAVEFILENAME', 100);
INSERT INTO PLAYER VALUES('USER119', 'LEADER18', '1111', 'Mapo', '000-0000-0000', 116, 18, 0, 32, 0, 50, 50, 'SAVEFILENAME', 100);
INSERT INTO PLAYER VALUES('USER120', 'LEADER19', '1111', 'Mapo', '000-0000-0000', 117, 19, 0, 32, 0, 50, 50, 'SAVEFILENAME', 100);
INSERT INTO PLAYER VALUES('USER121', 'LEADER20', '1111', 'Mapo', '000-0000-0000', 118, 20, 0, 33, 0, 50, 50, 'SAVEFILENAME', 100);
INSERT INTO PLAYER VALUES('USER122', 'MEMBER', '1111', 'Mapo', '000-0000-0000', 119, NULL, 0, 33, 1, 50, 50, 'SAVEFILENAME', 100);--10

INSERT INTO PLAYER VALUES('USER123', 'MEMBER', '1111', 'Seodaemun', '000-0000-0000', 120, NULL, 0, 33, 1, 50, 50, 'SAVEFILENAME', 100);
INSERT INTO PLAYER VALUES('USER124', 'MEMBER', '1111', 'Seodaemun', '000-0000-0000', 121, NULL, 0, 33, 1, 50, 50, 'SAVEFILENAME', 100);
INSERT INTO PLAYER VALUES('USER125', 'MEMBER', '1111', 'Seodaemun', '000-0000-0000', 122, NULL, 0, 33, 1, 50, 50, 'SAVEFILENAME', 100);
INSERT INTO PLAYER VALUES('USER126', 'MEMBER', '1111', 'Seodaemun', '000-0000-0000', 123, NULL, 0, 33, 1, 50, 50, 'SAVEFILENAME', 100);
INSERT INTO PLAYER VALUES('USER127', 'MEMBER', '1111', 'Seodaemun', '000-0000-0000', 124, NULL, 0, 33, 1, 50, 50, 'SAVEFILENAME', 100);
INSERT INTO PLAYER VALUES('USER128', 'MEMBER', '1111', 'Seongdong', '000-0000-0000', 125, NULL, 0, 33, 0, 100, 100, 'SAVEFILENAME', 100);
INSERT INTO PLAYER VALUES('USER129', 'MEMBER', '1111', 'Seongdong', '000-0000-0000', 126, NULL, 0, 34, 0, 100, 100, 'SAVEFILENAME', 100);
INSERT INTO PLAYER VALUES('USER130', 'MEMBER', '1111', 'Seongdong', '000-0000-0000', 127, NULL, 0, 34, 0, 100, 100, 'SAVEFILENAME', 100);
INSERT INTO PLAYER VALUES('USER131', 'MEMBER', '1111', 'Seongdong', '000-0000-0000', 128, NULL, 0, 34, 0, 100, 100, 'SAVEFILENAME', 100);
INSERT INTO PLAYER VALUES('USER132', 'MEMBER', '1111', 'Seongdong', '000-0000-0000', 129, NULL, 0, 34, 0, 100, 100, 'SAVEFILENAME', 100);--20

INSERT INTO PLAYER VALUES('USER133', 'MEMBER', '1111', 'Seongbuk', '000-0000-0000', 130, NULL, 0, 34, 1, 100, 100, 'SAVEFILENAME', 100);
INSERT INTO PLAYER VALUES('USER134', 'MEMBER', '1111', 'Seongbuk', '000-0000-0000', 131, NULL, 0, 34, 1, 100, 100, 'SAVEFILENAME', 100);
INSERT INTO PLAYER VALUES('USER135', 'MEMBER', '1111', 'Seongbuk', '000-0000-0000', 132, NULL, 0, 34, 1, 100, 100, 'SAVEFILENAME', 100);
INSERT INTO PLAYER VALUES('USER136', 'MEMBER', '1111', 'Seongbuk', '000-0000-0000', 133, NULL, 0, 34, 1, 100, 100, 'SAVEFILENAME', 100);
INSERT INTO PLAYER VALUES('USER137', 'MEMBER', '1111', 'Seongbuk', '000-0000-0000', 134, NULL, 0, 35, 1, 100, 100, 'SAVEFILENAME', 100);
INSERT INTO PLAYER VALUES('USER138', 'MEMBER', '1111', 'Songpa', '000-0000-0000', 135, NULL, 0, 35, 0, 100, 100, 'SAVEFILENAME', 100);
INSERT INTO PLAYER VALUES('USER139', 'MEMBER', '1111', 'Songpa', '000-0000-0000', 136, NULL, 0, 35, 0, 100, 100, 'SAVEFILENAME', 100);
INSERT INTO PLAYER VALUES('USER140', 'MEMBER', '1111', 'Songpa', '000-0000-0000', 137, NULL, 0, 35, 0, 100, 100, 'SAVEFILENAME', 100);
INSERT INTO PLAYER VALUES('USER141', 'MEMBER', '1111', 'Songpa', '000-0000-0000', 138, NULL, 0, 35, 0, 100, 100, 'SAVEFILENAME', 100);
INSERT INTO PLAYER VALUES('USER142', 'MEMBER', '1111', 'Songpa', '000-0000-0000', 139, NULL, 0, 35, 0, 100, 100, 'SAVEFILENAME', 100);--30

INSERT INTO PLAYER VALUES('USER143', 'MEMBER', '1111', 'Yangcheon', '000-0000-0000', 140, NULL, 0, 35, 1, 150, 150, 'SAVEFILENAME', 100);
INSERT INTO PLAYER VALUES('USER144', 'MEMBER', '1111', 'Yangcheon', '000-0000-0000', 141, NULL, 0, 35, 1, 150, 150, 'SAVEFILENAME', 100);
INSERT INTO PLAYER VALUES('USER145', 'MEMBER', '1111', 'Yangcheon', '000-0000-0000', 142, NULL, 0, 36, 1, 150, 150, 'SAVEFILENAME', 100);
INSERT INTO PLAYER VALUES('USER146', 'MEMBER', '1111', 'Yangcheon', '000-0000-0000', 143, NULL, 0, 36, 1, 150, 150, 'SAVEFILENAME', 100);
INSERT INTO PLAYER VALUES('USER147', 'MEMBER', '1111', 'Yangcheon', '000-0000-0000', 144, NULL, 0, 36, 1, 150, 150, 'SAVEFILENAME', 100);
INSERT INTO PLAYER VALUES('USER148', 'MEMBER', '1111', 'Yangcheon', '000-0000-0000', 145, NULL, 0, 36, 0, 150, 150, 'SAVEFILENAME', 100);
INSERT INTO PLAYER VALUES('USER149', 'MEMBER', '1111', 'Yangcheon', '000-0000-0000', 146, NULL, 0, 36, 0, 150, 150, 'SAVEFILENAME', 100);
INSERT INTO PLAYER VALUES('USER150', 'MEMBER', '1111', 'Yangcheon', '000-0000-0000', 147, NULL, 0, 36, 0, 150, 150, 'SAVEFILENAME', 100);
INSERT INTO PLAYER VALUES('USER151', 'MEMBER', '1111', 'Yangcheon', '000-0000-0000', 148, NULL, 0, 36, 0, 150, 150, 'SAVEFILENAME', 100);
INSERT INTO PLAYER VALUES('USER152', 'MEMBER', '1111', 'Yangcheon', '000-0000-0000', 149, NULL, 0, 36, 0, 150, 150, 'SAVEFILENAME', 100);--40

INSERT INTO PLAYER VALUES('USER153', 'MEMBER', '1111', 'Yeongdeungpo', '000-0000-0000', 150, NULL, 0, 37, 1, 150, 150, 'SAVEFILENAME', 100);
INSERT INTO PLAYER VALUES('USER154', 'MEMBER', '1111', 'Yeongdeungpo', '000-0000-0000', 151, NULL, 0, 37, 1, 150, 150, 'SAVEFILENAME', 100);
INSERT INTO PLAYER VALUES('USER155', 'MEMBER', '1111', 'Yeongdeungpo', '000-0000-0000', 152, NULL, 0, 37, 1, 150, 150, 'SAVEFILENAME', 100);
INSERT INTO PLAYER VALUES('USER156', 'MEMBER', '1111', 'Yeongdeungpo', '000-0000-0000', 153, NULL, 0, 37, 1, 150, 150, 'SAVEFILENAME', 100);
INSERT INTO PLAYER VALUES('USER157', 'MEMBER', '1111', 'Yeongdeungpo', '000-0000-0000', 154, NULL, 0, 37, 1, 150, 150, 'SAVEFILENAME', 100);
INSERT INTO PLAYER VALUES('USER158', 'MEMBER', '1111', 'Yeongdeungpo', '000-0000-0000', 155, NULL, 0, 37, 0, 200, 200, 'SAVEFILENAME', 100);
INSERT INTO PLAYER VALUES('USER159', 'MEMBER', '1111', 'Yeongdeungpo', '000-0000-0000', 156, NULL, 0, 37, 0, 200, 200, 'SAVEFILENAME', 100);
INSERT INTO PLAYER VALUES('USER160', 'MEMBER', '1111', 'Yeongdeungpo', '000-0000-0000', 157, NULL, 0, 37, 0, 200, 200, 'SAVEFILENAME', 100);
INSERT INTO PLAYER VALUES('USER161', 'MEMBER', '1111', 'Yeongdeungpo', '000-0000-0000', 158, NULL, 0, 38, 0, 200, 200, 'SAVEFILENAME', 100);
INSERT INTO PLAYER VALUES('USER162', 'MEMBER', '1111', 'Yeongdeungpo', '000-0000-0000', 159, NULL, 0, 38, 0, 200, 200, 'SAVEFILENAME', 100);--50

INSERT INTO PLAYER VALUES('USER163', 'MEMBER', '1111', 'Yongsan', '000-0000-0000', 160, NULL, 0, 38, 1, 200, 200, 'SAVEFILENAME', 100);
INSERT INTO PLAYER VALUES('USER164', 'MEMBER', '1111', 'Yongsan', '000-0000-0000', 161, NULL, 0, 38, 1, 200, 200, 'SAVEFILENAME', 100);
INSERT INTO PLAYER VALUES('USER165', 'MEMBER', '1111', 'Yongsan', '000-0000-0000', 162, NULL, 0, 38, 1, 200, 200, 'SAVEFILENAME', 100);
INSERT INTO PLAYER VALUES('USER166', 'MEMBER', '1111', 'Yongsan', '000-0000-0000', 163, NULL, 0, 38, 1, 200, 200, 'SAVEFILENAME', 100);
INSERT INTO PLAYER VALUES('USER167', 'MEMBER', '1111', 'Yongsan', '000-0000-0000', 164, NULL, 0, 38, 1, 200, 200, 'SAVEFILENAME', 100);
INSERT INTO PLAYER VALUES('USER168', 'MEMBER', '1111', 'Yongsan', '000-0000-0000', 165, NULL, 0, 38, 0, 200, 200, 'SAVEFILENAME', 100);
INSERT INTO PLAYER VALUES('USER169', 'MEMBER', '1111', 'Yongsan', '000-0000-0000', 166, NULL, 0, 39, 0, 200, 200, 'SAVEFILENAME', 100);
INSERT INTO PLAYER VALUES('USER170', 'MEMBER', '1111', 'Yongsan', '000-0000-0000', 167, NULL, 0, 39, 0, 200, 200, 'SAVEFILENAME', 100);
INSERT INTO PLAYER VALUES('USER171', 'MEMBER', '1111', 'Yongsan', '000-0000-0000', 168, NULL, 0, 39, 0, 200, 200, 'SAVEFILENAME', 100);
INSERT INTO PLAYER VALUES('USER172', 'MEMBER', '1111', 'Yongsan', '000-0000-0000', 169, NULL, 0, 39, 0, 200, 200, 'SAVEFILENAME', 100);--60

INSERT INTO PLAYER VALUES('USER173', 'MEMBER', '1111', 'Eunpyeong', '000-0000-0000', 170, NULL, 0, 39, 1, 250, 250, 'SAVEFILENAME', 100);
INSERT INTO PLAYER VALUES('USER174', 'MEMBER', '1111', 'Eunpyeong', '000-0000-0000', 171, NULL, 0, 39, 1, 250, 250, 'SAVEFILENAME', 100);
INSERT INTO PLAYER VALUES('USER175', 'MEMBER', '1111', 'Eunpyeong', '000-0000-0000', 172, NULL, 0, 39, 1, 250, 250, 'SAVEFILENAME', 100);
INSERT INTO PLAYER VALUES('USER176', 'MEMBER', '1111', 'Eunpyeong', '000-0000-0000', 173, NULL, 0, 39, 1, 250, 250, 'SAVEFILENAME', 100);
INSERT INTO PLAYER VALUES('USER177', 'MEMBER', '1111', 'Eunpyeong', '000-0000-0000', 174, NULL, 0, 40, 1, 250, 250, 'SAVEFILENAME', 100);
INSERT INTO PLAYER VALUES('USER178', 'MEMBER', '1111', 'Eunpyeong', '000-0000-0000', 175, NULL, 0, 40, 0, 250, 250, 'SAVEFILENAME', 100);
INSERT INTO PLAYER VALUES('USER179', 'MEMBER', '1111', 'Eunpyeong', '000-0000-0000', 176, NULL, 0, 40, 0, 250, 250, 'SAVEFILENAME', 100);
INSERT INTO PLAYER VALUES('USER180', 'MEMBER', '1111', 'Eunpyeong', '000-0000-0000', 177, NULL, 0, 40, 0, 250, 250, 'SAVEFILENAME', 100);
INSERT INTO PLAYER VALUES('USER181', 'MEMBER', '1111', 'Eunpyeong', '000-0000-0000', 178, NULL, 0, 40, 0, 250, 250, 'SAVEFILENAME', 100);
INSERT INTO PLAYER VALUES('USER182', 'MEMBER', '1111', 'Eunpyeong', '000-0000-0000', 179, NULL, 0, 40, 0, 250, 250, 'SAVEFILENAME', 100);--70


--//어느 팀에도 속하지 않은 플레이어들 -18명
INSERT INTO PLAYER VALUES('USER183', 'MEMBER', '1111', 'Jungnang', '000-0000-0000', 180, NULL, 0, 40, 1, 50, 100, 'SAVEFILENAME', 100);
INSERT INTO PLAYER VALUES('USER184', 'MEMBER', '1111', 'Jungnang', '000-0000-0000', 181, NULL, 0, 40, 1, 50, 100, 'SAVEFILENAME', 100);
INSERT INTO PLAYER VALUES('USER185', 'MEMBER', '1111', 'Jungnang', '000-0000-0000', 182, NULL, 0, NULL, 0, 100, 100, 'SAVEFILENAME', 100);
INSERT INTO PLAYER VALUES('USER186', 'MEMBER', '1111', 'Jungnang', '000-0000-0000', 183, NULL, 0, NULL, 0, 100, 150, 'SAVEFILENAME', 100);
INSERT INTO PLAYER VALUES('USER187', 'MEMBER', '1111', 'Jungnang', '000-0000-0000', 184, NULL, 0, NULL, 0, 100, 150, 'SAVEFILENAME', 100);
INSERT INTO PLAYER VALUES('USER188', 'MEMBER', '1111', 'Jungnang', '000-0000-0000', 185, NULL, 0, NULL, 0, 150, 200, 'SAVEFILENAME', 100);
INSERT INTO PLAYER VALUES('USER189', 'MEMBER', '1111', 'Jungnang', '000-0000-0000', 186, NULL, 0, NULL, 0, 150, 200, 'SAVEFILENAME', 100);
INSERT INTO PLAYER VALUES('USER190', 'MEMBER', '1111', 'Jungnang', '000-0000-0000', 187, NULL, 0, NULL, 0, 200, 250, 'SAVEFILENAME', 100);
INSERT INTO PLAYER VALUES('USER191', 'MEMBER', '1111', 'Jungnang', '000-0000-0000', 188, NULL, 0, NULL, 0, 200, 50, 'SAVEFILENAME', 100);
INSERT INTO PLAYER VALUES('USER192', 'MEMBER', '1111', 'Jungnang', '000-0000-0000', 189, NULL, 0, NULL, 0, 250, 50, 'SAVEFILENAME', 100); --10




INSERT INTO PLAYER VALUES('USER194', 'MEMBER', '1111', 'Eunpyeong', '000-0000-0000', 191, NULL, 0, NULL, 0, 100, 50, 'SAVEFILENAME', 100);
INSERT INTO PLAYER VALUES('USER195', 'MEMBER', '1111', 'Eunpyeong', '000-0000-0000', 192, NULL, 0, NULL, 0, 150, 100, 'SAVEFILENAME', 100);
INSERT INTO PLAYER VALUES('USER196', 'MEMBER', '1111', 'Eunpyeong', '000-0000-0000', 193, NULL, 0, NULL, 0, 150, 100, 'SAVEFILENAME', 100);
INSERT INTO PLAYER VALUES('USER197', 'MEMBER', '1111', 'Eunpyeong', '000-0000-0000', 194, NULL, 0, NULL, 0, 200, 150, 'SAVEFILENAME', 100);
INSERT INTO PLAYER VALUES('USER198', 'MEMBER', '1111', 'Eunpyeong', '000-0000-0000', 195, NULL, 0, NULL, 0, 200, 150, 'SAVEFILENAME', 100);
INSERT INTO PLAYER VALUES('USER199', 'MEMBER', '1111', 'Eunpyeong', '000-0000-0000', 196, NULL, 0, NULL, 0, 250, 200, 'SAVEFILENAME', 100);
INSERT INTO PLAYER VALUES('USER200', 'MEMBER', '1111', 'Eunpyeong', '000-0000-0000', 197, NULL, 0, NULL, 0, 50, 250, 'SAVEFILENAME', 100); --18

--//---------- 매칭 ----------//--
SELECT*FROM MATCHING;
select*from grounds;
--[팀]매칭 인서트 용(리더 아이디만 가능) 1, 12, 41, 42, 46, 57, 68, 79, 90, 101, 112, 113, 114, 115, 116, 117, 118, 119, 120, 121
--축구
--[팀]매칭 인서트 용(리더 아이디만 가능) 1, 12, 41, 42, 46, 57, 68, 79, 90, 101, 112, 113, 114, 115, 116, 117, 118, 119, 120, 121
--축구
INSERT INTO MATCHING VALUES(SEQ_MATCHING.NEXTVAL, 'USER1', 
  (SELECT TEAM_SCORE FROM (SELECT*FROM TEAM WHERE TEAM_LEADER='USER1')),
  '축구', '2016/11/05', 1, 1, '37.50313626197912', '127.06830898419253', SYSDATE+24);
  
  INSERT INTO MATCHING VALUES(SEQ_MATCHING.NEXTVAL, 'USER12', 
  (SELECT TEAM_SCORE FROM (SELECT*FROM TEAM WHERE TEAM_LEADER='USER12')),
  '축구', '2016/11/05', 1, 0, '37.63969991229482', '127.02580997674387', SYSDATE+24);
  
  INSERT INTO MATCHING VALUES(SEQ_MATCHING.NEXTVAL, 'USER41', 
  (SELECT TEAM_SCORE FROM (SELECT*FROM TEAM WHERE TEAM_LEADER='USER41')),
  '축구', '2016/11/06', 1, 1, '37.64850453317693', '127.04099715412745', SYSDATE+24);
  
  INSERT INTO MATCHING VALUES(SEQ_MATCHING.NEXTVAL, 'USER42', 
  (SELECT TEAM_SCORE FROM (SELECT*FROM TEAM WHERE TEAM_LEADER='USER42')),
  '축구', '2016/11/06', 1, 0, '37.653266824377255', '127.05692712861338', SYSDATE+24);
  
  INSERT INTO MATCHING VALUES(SEQ_MATCHING.NEXTVAL, 'USER46', 
  (SELECT TEAM_SCORE FROM (SELECT*FROM TEAM WHERE TEAM_LEADER='USER46')),
  '축구', '2016/11/08', 1, 0, '37.60570698587724', '127.09412727870688', SYSDATE+24);
  
  INSERT INTO MATCHING VALUES(SEQ_MATCHING.NEXTVAL, 'USER57', 
  (SELECT TEAM_SCORE FROM (SELECT*FROM TEAM WHERE TEAM_LEADER='USER57')),
  '축구', '2016/11/08', 1, 0, '37.51762719446776', '126.8807302829184', SYSDATE+24);
  
  INSERT INTO MATCHING VALUES(SEQ_MATCHING.NEXTVAL, 'USER68', 
  (SELECT TEAM_SCORE FROM (SELECT*FROM TEAM WHERE TEAM_LEADER='USER68')),
  '축구', '2016/11/08', 1, 1, '37.545796593884816', '126.88487681627713', SYSDATE+24);
  
  INSERT INTO MATCHING VALUES(SEQ_MATCHING.NEXTVAL, 'USER79', 
  (SELECT TEAM_SCORE FROM (SELECT*FROM TEAM WHERE TEAM_LEADER='USER79')),
  '축구', '2016/11/08', 1, 0, '37.53287177062064', '126.9925724090883', SYSDATE+24);
  
  INSERT INTO MATCHING VALUES(SEQ_MATCHING.NEXTVAL, 'USER90', 
  (SELECT TEAM_SCORE FROM (SELECT*FROM TEAM WHERE TEAM_LEADER='USER90')),
  '축구', '2016/11/09', 1, 0, '37.475632893600974', '127.04137170581033', SYSDATE+24);
  
  INSERT INTO MATCHING VALUES(SEQ_MATCHING.NEXTVAL, 'USER101', 
  (SELECT TEAM_SCORE FROM (SELECT*FROM TEAM WHERE TEAM_LEADER='USER101')),
  '축구', '2016/11/09', 1, 0, '37.517203104625274', '127.04732190031422', SYSDATE+24);


--[팀]매칭 인서트 용(리더 아이디만 가능) 21, 22, 23, 24, 25, 26, 27, 28, 29, 30, 31, 32, 33, 34, 35, 36, 37, 38, 39, 40
--야구
  INSERT INTO MATCHING VALUES(SEQ_MATCHING.NEXTVAL, 'USER21', 
  (SELECT TEAM_SCORE FROM (SELECT*FROM TEAM WHERE TEAM_LEADER='USER21')),
  '야구', '2016/11/05', 2, 1, '37.51214778784201', '127.07189140650917', SYSDATE+24);
  
  INSERT INTO MATCHING VALUES(SEQ_MATCHING.NEXTVAL, 'USER22', 
  (SELECT TEAM_SCORE FROM (SELECT*FROM TEAM WHERE TEAM_LEADER='USER22')),
  '야구', '2016/11/05', 2, 0, '37.60017260899972', '126.92824479969947', SYSDATE+24);
  
  INSERT INTO MATCHING VALUES(SEQ_MATCHING.NEXTVAL, 'USER23', 
  (SELECT TEAM_SCORE FROM (SELECT*FROM TEAM WHERE TEAM_LEADER='USER23')),
  '야구', '2016/11/05', 2, 1, '37.56769517753221', '126.87498637814423', SYSDATE+24);
  
  INSERT INTO MATCHING VALUES(SEQ_MATCHING.NEXTVAL, 'USER24', 
  (SELECT TEAM_SCORE FROM (SELECT*FROM TEAM WHERE TEAM_LEADER='USER24')),
  '야구', '2016/11/05', 2, 0, '37.57581607600159', '126.93949802996455', SYSDATE+24);
  
  INSERT INTO MATCHING VALUES(SEQ_MATCHING.NEXTVAL, 'USER25', 
  (SELECT TEAM_SCORE FROM (SELECT*FROM TEAM WHERE TEAM_LEADER='USER25')),
  '야구', '2016/11/05', 2, 1, '37.465019148658264', '127.11932174062761', SYSDATE+24);
  
  INSERT INTO MATCHING VALUES(SEQ_MATCHING.NEXTVAL, 'USER26', 
  (SELECT TEAM_SCORE FROM (SELECT*FROM TEAM WHERE TEAM_LEADER='USER26')),
  '야구', '2016/11/05', 2, 0, '37.51115921048432', '126.9372881288911', SYSDATE+24);
  
  INSERT INTO MATCHING VALUES(SEQ_MATCHING.NEXTVAL, 'USER27', 
  (SELECT TEAM_SCORE FROM (SELECT*FROM TEAM WHERE TEAM_LEADER='USER27')),
  '야구', '2016/11/05', 2, 0, '37.477756608989985', '126.95160634060248', SYSDATE+24);
  
  INSERT INTO MATCHING VALUES(SEQ_MATCHING.NEXTVAL, 'USER28', 
  (SELECT TEAM_SCORE FROM (SELECT*FROM TEAM WHERE TEAM_LEADER='USER28')),
  '야구', '2016/11/05', 2, 1, '37.67882511113456', '127.04848202339119', SYSDATE+24);
  
  INSERT INTO MATCHING VALUES(SEQ_MATCHING.NEXTVAL, 'USER29', 
  (SELECT TEAM_SCORE FROM (SELECT*FROM TEAM WHERE TEAM_LEADER='USER29')),
  '야구', '2016/11/05', 2, 1, '37.67882511113456', '127.04848202339119', SYSDATE+24);
  
  INSERT INTO MATCHING VALUES(SEQ_MATCHING.NEXTVAL, 'USER30', 
  (SELECT TEAM_SCORE FROM (SELECT*FROM TEAM WHERE TEAM_LEADER='USER30')),
  '야구', '2016/11/05', 2, 1, '37.639276676930024', '127.08487105380145', SYSDATE+24);

--[개인]매칭 인서트 용(개인전 전용)  --탁구
INSERT INTO MATCHING VALUES(SEQ_MATCHING.NEXTVAL, 'USER183', 
  (SELECT PP_SCORE FROM PLAYER WHERE USER_ID='USER183'),
  '탁구', '2016/11/06', 3, 0, '37.57099841528636', '127.09702669865891', SYSDATE+24);
  
  INSERT INTO MATCHING VALUES(SEQ_MATCHING.NEXTVAL, 'USER184', 
  (SELECT PP_SCORE FROM PLAYER WHERE USER_ID='USER184'),
  '탁구', '2016/11/06', 3, 0, '37.587171277074106', '127.05501992384623', SYSDATE+24);
  
  INSERT INTO MATCHING VALUES(SEQ_MATCHING.NEXTVAL, 'USER185', 
  (SELECT PP_SCORE FROM PLAYER WHERE USER_ID='USER185'),
  '탁구', '2016/11/06', 3, 0, '37.5514211048588', '127.05209655119558', SYSDATE+24);
  
  INSERT INTO MATCHING VALUES(SEQ_MATCHING.NEXTVAL, 'USER186', 
  (SELECT PP_SCORE FROM PLAYER WHERE USER_ID='USER186'),
  '탁구', '2016/11/06', 3, 0, '37.506407365530265', '127.10562906266556', SYSDATE+24);
  
  INSERT INTO MATCHING VALUES(SEQ_MATCHING.NEXTVAL, 'USER187', 
  (SELECT PP_SCORE FROM PLAYER WHERE USER_ID='USER187'),
  '탁구', '2016/11/06', 3, 0, '37.47992890754597', '127.00284344306455', SYSDATE+24);
  
  INSERT INTO MATCHING VALUES(SEQ_MATCHING.NEXTVAL, 'USER188', 
  (SELECT PP_SCORE FROM PLAYER WHERE USER_ID='USER188'),
  '탁구', '2016/11/06', 3, 0, '37.55602924855301', '126.93765797366123', SYSDATE+24);
  
  INSERT INTO MATCHING VALUES(SEQ_MATCHING.NEXTVAL, 'USER189', 
  (SELECT PP_SCORE FROM PLAYER WHERE USER_ID='USER189'),
  '탁구', '2016/11/06', 3, 0, '37.58944637503428', '126.89777498630356', SYSDATE+24);
  
  INSERT INTO MATCHING VALUES(SEQ_MATCHING.NEXTVAL, 'USER190', 
  (SELECT PP_SCORE FROM PLAYER WHERE USER_ID='USER190'),
  '탁구', '2016/11/06', 3, 0, '37.54500678400668', '126.86017687998641', SYSDATE+24);
  
  INSERT INTO MATCHING VALUES(SEQ_MATCHING.NEXTVAL, 'USER191', 
  (SELECT PP_SCORE FROM PLAYER WHERE USER_ID='USER191'),
  '탁구', '2016/11/06', 3, 0, '37.46028433052424', '126.90446158716405', SYSDATE+24);
  
  INSERT INTO MATCHING VALUES(SEQ_MATCHING.NEXTVAL, 'USER192', 
  (SELECT PP_SCORE FROM PLAYER WHERE USER_ID='USER192'),
  '탁구', '2016/11/06', 3, 0, '37.49716199495675', '127.12515717575988', SYSDATE+24);
  


--[개인]매칭 인서트 용(개인전 전용)  --볼링
INSERT INTO MATCHING VALUES(SEQ_MATCHING.NEXTVAL, 'USER193', 
  (SELECT PP_SCORE FROM PLAYER WHERE USER_ID='USER193'),
  '볼링', '2016/11/07', 10, 0, NULL, NULL, SYSDATE+24);
  
INSERT INTO MATCHING VALUES(SEQ_MATCHING.NEXTVAL, 'USER194', 
  (SELECT PP_SCORE FROM PLAYER WHERE USER_ID='USER194'),
  '볼링', '2016/11/07', 13, 0, NULL, NULL, SYSDATE+24);
  
  INSERT INTO MATCHING VALUES(SEQ_MATCHING.NEXTVAL, 'USER195', 
  (SELECT PP_SCORE FROM PLAYER WHERE USER_ID='USER195'),
  '볼링', '2016/11/07', 13, 0, NULL, NULL, SYSDATE+24);
  
  INSERT INTO MATCHING VALUES(SEQ_MATCHING.NEXTVAL, 'USER196', 
  (SELECT PP_SCORE FROM PLAYER WHERE USER_ID='USER196'),
  '볼링', '2016/11/07', 14, 0, NULL, NULL, SYSDATE+24);
  
  INSERT INTO MATCHING VALUES(SEQ_MATCHING.NEXTVAL, 'USER197', 
  (SELECT PP_SCORE FROM PLAYER WHERE USER_ID='USER197'),
  '볼링', '2016/11/07', 14, 0, NULL, NULL, SYSDATE+24);
  
  INSERT INTO MATCHING VALUES(SEQ_MATCHING.NEXTVAL, 'USER198', 
  (SELECT PP_SCORE FROM PLAYER WHERE USER_ID='USER198'),
  '볼링', '2016/11/07', 15, 0, NULL, NULL, SYSDATE+24);
  
  INSERT INTO MATCHING VALUES(SEQ_MATCHING.NEXTVAL, 'USER199', 
  (SELECT PP_SCORE FROM PLAYER WHERE USER_ID='USER199'),
  '볼링', '2016/11/07', 15, 0, NULL, NULL, SYSDATE+24);
  
  INSERT INTO MATCHING VALUES(SEQ_MATCHING.NEXTVAL, 'USER200', 
  (SELECT PP_SCORE FROM PLAYER WHERE USER_ID='USER200'),
  '볼링', '2016/11/07', 18, 0, NULL, NULL, SYSDATE+24);
  
  
--//---------- GAMES ----------//--
--SELECT*FROM GAMES;
--//-----매칭 성사
--축구
INSERT INTO GAMES VALUES(SEQ_GAMES.NEXTVAL, '축구', (SELECT GAME_TIME FROM MATCHING WHERE PLAYER IN('USER1', 'USER12') AND LATITUDE IS NOT NULL), 'USER1', '37.50313626197912', '127.06830898419253', 'USER12', NULL, NULL, NULL, NULL, NULL, NULL, '1234', '5678');
INSERT INTO GAMES VALUES(SEQ_GAMES.NEXTVAL, '축구', (SELECT GAME_TIME FROM MATCHING WHERE PLAYER IN('USER41', 'USER42') AND LATITUDE IS NOT NULL), 'USER41', '37.64850453317693', '127.04099715412745', 'USER42', NULL, NULL, NULL, NULL, NULL, NULL, '1111', '2222');
INSERT INTO GAMES VALUES(SEQ_GAMES.NEXTVAL, '축구', (SELECT GAME_TIME FROM MATCHING WHERE PLAYER IN('USER68', 'USER79') AND LATITUDE IS NOT NULL), 'USER68', '37.545796593884816', '126.88487681627713', 'USER79', NULL, NULL, NULL, NULL, NULL, NULL, '3333', '4444');

--야구
INSERT INTO GAMES VALUES(SEQ_GAMES.NEXTVAL, '야구', (SELECT GAME_TIME FROM MATCHING WHERE PLAYER IN('USER21', 'USER22') AND LATITUDE IS NOT NULL), 'USER21', '37.51214778784201', '127.07189140650917', 'USER22', NULL, NULL, NULL, NULL, NULL, NULL, '1234', '5678');
INSERT INTO GAMES VALUES(SEQ_GAMES.NEXTVAL, '야구', (SELECT GAME_TIME FROM MATCHING WHERE PLAYER IN('USER23', 'USER24') AND LATITUDE IS NOT NULL), 'USER23', '37.56769517753221', '126.87498637814423', 'USER24', NULL, NULL, NULL, NULL, NULL, NULL, '1111', '2222');
INSERT INTO GAMES VALUES(SEQ_GAMES.NEXTVAL, '야구', (SELECT GAME_TIME FROM MATCHING WHERE PLAYER IN('USER25', 'USER26') AND LATITUDE IS NOT NULL), 'USER25', '37.465019148658264', '127.11932174062761', 'USER26', NULL, NULL, NULL, NULL, NULL, NULL, '3333', '4444');


--//---------- NOTICE ----------//--
--//축구 성사
INSERT INTO NOTICE VALUES(SEQ_NOTICE.NEXTVAL, 'USER1', 1, 1);
INSERT INTO NOTICE VALUES(SEQ_NOTICE.NEXTVAL, 'USER12', 1, 1);
INSERT INTO NOTICE VALUES(SEQ_NOTICE.NEXTVAL, 'USER41', 2, 1);
INSERT INTO NOTICE VALUES(SEQ_NOTICE.NEXTVAL, 'USER42', 2, 1);
INSERT INTO NOTICE VALUES(SEQ_NOTICE.NEXTVAL, 'USER68', 3, 1);
INSERT INTO NOTICE VALUES(SEQ_NOTICE.NEXTVAL, 'USER79', 3, 1);

--//야구 성사
INSERT INTO NOTICE VALUES(SEQ_NOTICE.NEXTVAL, 'USER21', 4, 1);
INSERT INTO NOTICE VALUES(SEQ_NOTICE.NEXTVAL, 'USER22', 4, 1);
INSERT INTO NOTICE VALUES(SEQ_NOTICE.NEXTVAL, 'USER23', 5, 1);
INSERT INTO NOTICE VALUES(SEQ_NOTICE.NEXTVAL, 'USER24', 5, 1);
INSERT INTO NOTICE VALUES(SEQ_NOTICE.NEXTVAL, 'USER25', 6, 1);
INSERT INTO NOTICE VALUES(SEQ_NOTICE.NEXTVAL, 'USER26', 6, 1);

--TODO:
--//---------- MESSAGE ----------//--

--//---------- BOARD ----------//--

--//---------- REPLY ----------//--
